benchmark_group_id,hero_id,hero_name,context_type,season,game_mode,rank_tier,platform,region,metric_name,average,unit,sample_matches,sample_players,source_id,source_role,source_url,source_updated_at,collected_at,tier_label,hero_rank,hero_pool_size,methodology_notes
thor-s9-5-one-above-all,thor,Thor,seasonalRank,9.5,competitive,one_above_all,,,winRate,1.0000,ratio,1,,rivalstracker,primary,https://rivalstracker.com/heroes/thor,2026-08-25T14:02:59.000Z,2026-08-25T18:57:56.232Z,Unrated,1,43,"Filters: Season 9.5, Competitive, One Above All. Percentages are displayed by RivalsTracker to two decimal places and converted to ratios without further precision. sample_matches repeats the source Matches field for each metric row. hero_rank is the displayed table order (win rate descending); tier_label is source-provided. Platform, region, and sample_players are not stated by the source and are left empty. RivalsTracker publishes 43 heroes for this filter; omitted heroes are not fabricated."
thor-s9-5-one-above-all,thor,Thor,seasonalRank,9.5,competitive,one_above_all,,,pickRate,0.0125,ratio,1,,rivalstracker,primary,https://rivalstracker.com/heroes/thor,2026-08-25T14:02:59.000Z,2026-08-25T18:57:56.232Z,Unrated,1,43,"Filters: Season 9.5, Competitive, One Above All. Percentages are displayed by RivalsTracker to two decimal places and converted to ratios without further precision. sample_matches repeats the source Matches field for each metric row. hero_rank is the displayed table order (win rate descending); tier_label is source-provided. Platform, region, and sample_players are not stated by the source and are left empty. RivalsTracker publishes 43 heroes for this filter; omitted heroes are not fabricated."
thor-s9-5-one-above-all,thor,Thor,seasonalRank,9.5,competitive,one_above_all,,,banRate,0.0375,ratio,1,,rivalstracker,primary,https://rivalstracker.com/heroes/thor,2026-08-25T14:02:59.000Z,2026-08-25T18:57:56.232Z,Unrated,1,43,"Filters: Season 9.5, Competitive, One Above All. Percentages are displayed by RivalsTracker to two decimal places and converted to ratios without further precision. sample_matches repeats the source Matches field for each metric row. hero_rank is the displayed table order (win rate descending); tier_label is source-provided. Platform, region, and sample_players are not stated by the source and are left empty. RivalsTracker publishes 43 heroes for this filter; omitted heroes are not fabricated."
storm-s9-5-one-above-all,storm,Storm,seasonalRank,9.5,competitive,one_above_all,,,winRate,1.0000,ratio,1,,rivalstracker,primary,https://rivalstracker.com/heroes/storm,2026-08-25T14:02:59.000Z,2026-08-25T18:57:56.232Z,Unrated,2,43,"Filters: Season 9.5, Competitive, One Above All. Percentages are displayed by RivalsTracker to two decimal places and converted to ratios without further precision. sample_matches repeats the source Matches field for each metric row. hero_rank is the displayed table order (win rate descending); tier_label is source-provided. Platform, region, and sample_players are not stated by the source and are left empty. RivalsTracker publishes 43 heroes for this filter; omitted heroes are not fabricated."
storm-s9-5-one-above-all,storm,Storm,seasonalRank,9.5,competitive,one_above_all,,,pickRate,0.0125,ratio,1,,rivalstracker,primary,https://rivalstracker.com/heroes/storm,2026-08-25T14:02:59.000Z,2026-08-25T18:57:56.232Z,Unrated,2,43,"Filters: Season 9.5, Competitive, One Above All. Percentages are displayed by RivalsTracker to two decimal places and converted to ratios without further precision. sample_matches repeats the source Matches field for each metric row. hero_rank is the displayed table order (win rate descending); tier_label is source-provided. Platform, region, and sample_players are not stated by the source and are left empty. RivalsTracker publishes 43 heroes for this filter; omitted heroes are not fabricated."
storm-s9-5-one-above-all,storm,Storm,seasonalRank,9.5,competitive,one_above_all,,,banRate,0.0000,ratio,1,,rivalstracker,primary,https://rivalstracker.com/heroes/storm,2026-08-25T14:02:59.000Z,2026-08-25T18:57:56.232Z,Unrated,2,43,"Filters: Season 9.5, Competitive, One Above All. Percentages are displayed by RivalsTracker to two decimal places and converted to ratios without further precision. sample_matches repeats the source Matches field for each metric row. hero_rank is the displayed table order (win rate descending); tier_label is source-provided. Platform, region, and sample_players are not stated by the source and are left empty. RivalsTracker publishes 43 heroes for this filter; omitted heroes are not fabricated."
mister-fantastic-s9-5-one-above-all,mister-fantastic,Mister Fantastic,seasonalRank,9.5,competitive,one_above_all,,,winRate,1.0000,ratio,1,,rivalstracker,primary,https://rivalstracker.com/heroes/mister-fantastic,2026-08-25T14:02:59.000Z,2026-08-25T18:57:56.232Z,Unrated,3,43,"Filters: Season 9.5, Competitive, One Above All. Percentages are displayed by RivalsTracker to two decimal places and converted to ratios without further precision. sample_matches repeats the source Matches field for each metric row. hero_rank is the displayed table order (win rate descending); tier_label is source-provided. Platform, region, and sample_players are not stated by the source and are left empty. RivalsTracker publishes 43 heroes for this filter; omitted heroes are not fabricated."
mister-fantastic-s9-5-one-above-all,mister-fantastic,Mister Fantastic,seasonalRank,9.5,competitive,one_above_all,,,pickRate,0.0125,ratio,1,,rivalstracker,primary,https://rivalstracker.com/heroes/mister-fantastic,2026-08-25T14:02:59.000Z,2026-08-25T18:57:56.232Z,Unrated,3,43,"Filters: Season 9.5, Competitive, One Above All. Percentages are displayed by RivalsTracker to two decimal places and converted to ratios without further precision. sample_matches repeats the source Matches field for each metric row. hero_rank is the displayed table order (win rate descending); tier_label is source-provided. Platform, region, and sample_players are not stated by the source and are left empty. RivalsTracker publishes 43 heroes for this filter; omitted heroes are not fabricated."
mister-fantastic-s9-5-one-above-all,mister-fantastic,Mister Fantastic,seasonalRank,9.5,competitive,one_above_all,,,banRate,0.0000,ratio,1,,rivalstracker,primary,https://rivalstracker.com/heroes/mister-fantastic,2026-08-25T14:02:59.000Z,2026-08-25T18:57:56.232Z,Unrated,3,43,"Filters: Season 9.5, Competitive, One Above All. Percentages are displayed by RivalsTracker to two decimal places and converted to ratios without further precision. sample_matches repeats the source Matches field for each metric row. hero_rank is the displayed table order (win rate descending); tier_label is source-provided. Platform, region, and sample_players are not stated by the source and are left empty. RivalsTracker publishes 43 heroes for this filter; omitted heroes are not fabricated."
jeff-the-land-shark-s9-5-one-above-all,jeff-the-land-shark,Jeff The Land Shark,seasonalRank,9.5,competitive,one_above_all,,,winRate,1.0000,ratio,1,,rivalstracker,primary,https://rivalstracker.com/heroes/jeff-the-land-shark,2026-08-25T14:02:59.000Z,2026-08-25T18:57:56.232Z,Unrated,4,43,"Filters: Season 9.5, Competitive, One Above All. Percentages are displayed by RivalsTracker to two decimal places and converted to ratios without further precision. sample_matches repeats the source Matches field for each metric row. hero_rank is the displayed table order (win rate descending); tier_label is source-provided. Platform, region, and sample_players are not stated by the source and are left empty. RivalsTracker publishes 43 heroes for this filter; omitted heroes are not fabricated."
jeff-the-land-shark-s9-5-one-above-all,jeff-the-land-shark,Jeff The Land Shark,seasonalRank,9.5,competitive,one_above_all,,,pickRate,0.0125,ratio,1,,rivalstracker,primary,https://rivalstracker.com/heroes/jeff-the-land-shark,2026-08-25T14:02:59.000Z,2026-08-25T18:57:56.232Z,Unrated,4,43,"Filters: Season 9.5, Competitive, One Above All. Percentages are displayed by RivalsTracker to two decimal places and converted to ratios without further precision. sample_matches repeats the source Matches field for each metric row. hero_rank is the displayed table order (win rate descending); tier_label is source-provided. Platform, region, and sample_players are not stated by the source and are left empty. RivalsTracker publishes 43 heroes for this filter; omitted heroes are not fabricated."
jeff-the-land-shark-s9-5-one-above-all,jeff-the-land-shark,Jeff The Land Shark,seasonalRank,9.5,competitive,one_above_all,,,banRate,0.0000,ratio,1,,rivalstracker,primary,https://rivalstracker.com/heroes/jeff-the-land-shark,2026-08-25T14:02:59.000Z,2026-08-25T18:57:56.232Z,Unrated,4,43,"Filters: Season 9.5, Competitive, One Above All. Percentages are displayed by RivalsTracker to two decimal places and converted to ratios without further precision. sample_matches repeats the source Matches field for each metric row. hero_rank is the displayed table order (win rate descending); tier_label is source-provided. Platform, region, and sample_players are not stated by the source and are left empty. RivalsTracker publishes 43 heroes for this filter; omitted heroes are not fabricated."
iron-fist-s9-5-one-above-all,iron-fist,Iron Fist,seasonalRank,9.5,competitive,one_above_all,,,winRate,1.0000,ratio,4,,rivalstracker,primary,https://rivalstracker.com/heroes/iron-fist,2026-08-25T14:02:59.000Z,2026-08-25T18:57:56.232Z,Unrated,5,43,"Filters: Season 9.5, Competitive, One Above All. Percentages are displayed by RivalsTracker to two decimal places and converted to ratios without further precision. sample_matches repeats the source Matches field for each metric row. hero_rank is the displayed table order (win rate descending); tier_label is source-provided. Platform, region, and sample_players are not stated by the source and are left empty. RivalsTracker publishes 43 heroes for this filter; omitted heroes are not fabricated."
iron-fist-s9-5-one-above-all,iron-fist,Iron Fist,seasonalRank,9.5,competitive,one_above_all,,,pickRate,0.0500,ratio,4,,rivalstracker,primary,https://rivalstracker.com/heroes/iron-fist,2026-08-25T14:02:59.000Z,2026-08-25T18:57:56.232Z,Unrated,5,43,"Filters: Season 9.5, Competitive, One Above All. Percentages are displayed by RivalsTracker to two decimal places and converted to ratios without further precision. sample_matches repeats the source Matches field for each metric row. hero_rank is the displayed table order (win rate descending); tier_label is source-provided. Platform, region, and sample_players are not stated by the source and are left empty. RivalsTracker publishes 43 heroes for this filter; omitted heroes are not fabricated."
iron-fist-s9-5-one-above-all,iron-fist,Iron Fist,seasonalRank,9.5,competitive,one_above_all,,,banRate,0.0250,ratio,4,,rivalstracker,primary,https://rivalstracker.com/heroes/iron-fist,2026-08-25T14:02:59.000Z,2026-08-25T18:57:56.232Z,Unrated,5,43,"Filters: Season 9.5, Competitive, One Above All. Percentages are displayed by RivalsTracker to two decimal places and converted to ratios without further precision. sample_matches repeats the source Matches field for each metric row. hero_rank is the displayed table order (win rate descending); tier_label is source-provided. Platform, region, and sample_players are not stated by the source and are left empty. RivalsTracker publishes 43 heroes for this filter; omitted heroes are not fabricated."
human-torch-s9-5-one-above-all,human-torch,Human Torch,seasonalRank,9.5,competitive,one_above_all,,,winRate,1.0000,ratio,1,,rivalstracker,primary,https://rivalstracker.com/heroes/human-torch,2026-08-25T14:02:59.000Z,2026-08-25T18:57:56.232Z,Unrated,6,43,"Filters: Season 9.5, Competitive, One Above All. Percentages are displayed by RivalsTracker to two decimal places and converted to ratios without further precision. sample_matches repeats the source Matches field for each metric row. hero_rank is the displayed table order (win rate descending); tier_label is source-provided. Platform, region, and sample_players are not stated by the source and are left empty. RivalsTracker publishes 43 heroes for this filter; omitted heroes are not fabricated."
human-torch-s9-5-one-above-all,human-torch,Human Torch,seasonalRank,9.5,competitive,one_above_all,,,pickRate,0.0125,ratio,1,,rivalstracker,primary,https://rivalstracker.com/heroes/human-torch,2026-08-25T14:02:59.000Z,2026-08-25T18:57:56.232Z,Unrated,6,43,"Filters: Season 9.5, Competitive, One Above All. Percentages are displayed by RivalsTracker to two decimal places and converted to ratios without further precision. sample_matches repeats the source Matches field for each metric row. hero_rank is the displayed table order (win rate descending); tier_label is source-provided. Platform, region, and sample_players are not stated by the source and are left empty. RivalsTracker publishes 43 heroes for this filter; omitted heroes are not fabricated."
human-torch-s9-5-one-above-all,human-torch,Human Torch,seasonalRank,9.5,competitive,one_above_all,,,banRate,0.0000,ratio,1,,rivalstracker,primary,https://rivalstracker.com/heroes/human-torch,2026-08-25T14:02:59.000Z,2026-08-25T18:57:56.232Z,Unrated,6,43,"Filters: Season 9.5, Competitive, One Above All. Percentages are displayed by RivalsTracker to two decimal places and converted to ratios without further precision. sample_matches repeats the source Matches field for each metric row. hero_rank is the displayed table order (win rate descending); tier_label is source-provided. Platform, region, and sample_players are not stated by the source and are left empty. RivalsTracker publishes 43 heroes for this filter; omitted heroes are not fabricated."
deadpool-vanguard-s9-5-one-above-all,deadpool-vanguard,Deadpool (Vanguard),seasonalRank,9.5,competitive,one_above_all,,,winRate,1.0000,ratio,1,,rivalstracker,primary,https://rivalstracker.com/heroes/deadpool-vanguard,2026-08-25T14:02:59.000Z,2026-08-25T18:57:56.232Z,Unrated,7,43,"Filters: Season 9.5, Competitive, One Above All. Percentages are displayed by RivalsTracker to two decimal places and converted to ratios without further precision. sample_matches repeats the source Matches field for each metric row. hero_rank is the displayed table order (win rate descending); tier_label is source-provided. Platform, region, and sample_players are not stated by the source and are left empty. RivalsTracker publishes 43 heroes for this filter; omitted heroes are not fabricated."
deadpool-vanguard-s9-5-one-above-all,deadpool-vanguard,Deadpool (Vanguard),seasonalRank,9.5,competitive,one_above_all,,,pickRate,0.0125,ratio,1,,rivalstracker,primary,https://rivalstracker.com/heroes/deadpool-vanguard,2026-08-25T14:02:59.000Z,2026-08-25T18:57:56.232Z,Unrated,7,43,"Filters: Season 9.5, Competitive, One Above All. Percentages are displayed by RivalsTracker to two decimal places and converted to ratios without further precision. sample_matches repeats the source Matches field for each metric row. hero_rank is the displayed table order (win rate descending); tier_label is source-provided. Platform, region, and sample_players are not stated by the source and are left empty. RivalsTracker publishes 43 heroes for this filter; omitted heroes are not fabricated."
deadpool-vanguard-s9-5-one-above-all,deadpool-vanguard,Deadpool (Vanguard),seasonalRank,9.5,competitive,one_above_all,,,banRate,0.0000,ratio,1,,rivalstracker,primary,https://rivalstracker.com/heroes/deadpool-vanguard,2026-08-25T14:02:59.000Z,2026-08-25T18:57:56.232Z,Unrated,7,43,"Filters: Season 9.5, Competitive, One Above All. Percentages are displayed by RivalsTracker to two decimal places and converted to ratios without further precision. sample_matches repeats the source Matches field for each metric row. hero_rank is the displayed table order (win rate descending); tier_label is source-provided. Platform, region, and sample_players are not stated by the source and are left empty. RivalsTracker publishes 43 heroes for this filter; omitted heroes are not fabricated."
deadpool-duelist-s9-5-one-above-all,deadpool-duelist,Deadpool (Duelist),seasonalRank,9.5,competitive,one_above_all,,,winRate,1.0000,ratio,2,,rivalstracker,primary,https://rivalstracker.com/heroes/deadpool-duelist,2026-08-25T14:02:59.000Z,2026-08-25T18:57:56.232Z,Unrated,8,43,"Filters: Season 9.5, Competitive, One Above All. Percentages are displayed by RivalsTracker to two decimal places and converted to ratios without further precision. sample_matches repeats the source Matches field for each metric row. hero_rank is the displayed table order (win rate descending); tier_label is source-provided. Platform, region, and sample_players are not stated by the source and are left empty. RivalsTracker publishes 43 heroes for this filter; omitted heroes are not fabricated."
deadpool-duelist-s9-5-one-above-all,deadpool-duelist,Deadpool (Duelist),seasonalRank,9.5,competitive,one_above_all,,,pickRate,0.0250,ratio,2,,rivalstracker,primary,https://rivalstracker.com/heroes/deadpool-duelist,2026-08-25T14:02:59.000Z,2026-08-25T18:57:56.232Z,Unrated,8,43,"Filters: Season 9.5, Competitive, One Above All. Percentages are displayed by RivalsTracker to two decimal places and converted to ratios without further precision. sample_matches repeats the source Matches field for each metric row. hero_rank is the displayed table order (win rate descending); tier_label is source-provided. Platform, region, and sample_players are not stated by the source and are left empty. RivalsTracker publishes 43 heroes for this filter; omitted heroes are not fabricated."
deadpool-duelist-s9-5-one-above-all,deadpool-duelist,Deadpool (Duelist),seasonalRank,9.5,competitive,one_above_all,,,banRate,0.0000,ratio,2,,rivalstracker,primary,https://rivalstracker.com/heroes/deadpool-duelist,2026-08-25T14:02:59.000Z,2026-08-25T18:57:56.232Z,Unrated,8,43,"Filters: Season 9.5, Competitive, One Above All. Percentages are displayed by RivalsTracker to two decimal places and converted to ratios without further precision. sample_matches repeats the source Matches field for each metric row. hero_rank is the displayed table order (win rate descending); tier_label is source-provided. Platform, region, and sample_players are not stated by the source and are left empty. RivalsTracker publishes 43 heroes for this filter; omitted heroes are not fabricated."
black-cat-s9-5-one-above-all,black-cat,Black Cat,seasonalRank,9.5,competitive,one_above_all,,,winRate,1.0000,ratio,6,,rivalstracker,primary,https://rivalstracker.com/heroes/black-cat,2026-08-25T14:02:59.000Z,2026-08-25T18:57:56.232Z,Unrated,9,43,"Filters: Season 9.5, Competitive, One Above All. Percentages are displayed by RivalsTracker to two decimal places and converted to ratios without further precision. sample_matches repeats the source Matches field for each metric row. hero_rank is the displayed table order (win rate descending); tier_label is source-provided. Platform, region, and sample_players are not stated by the source and are left empty. RivalsTracker publishes 43 heroes for this filter; omitted heroes are not fabricated."
black-cat-s9-5-one-above-all,black-cat,Black Cat,seasonalRank,9.5,competitive,one_above_all,,,pickRate,0.0750,ratio,6,,rivalstracker,primary,https://rivalstracker.com/heroes/black-cat,2026-08-25T14:02:59.000Z,2026-08-25T18:57:56.232Z,Unrated,9,43,"Filters: Season 9.5, Competitive, One Above All. Percentages are displayed by RivalsTracker to two decimal places and converted to ratios without further precision. sample_matches repeats the source Matches field for each metric row. hero_rank is the displayed table order (win rate descending); tier_label is source-provided. Platform, region, and sample_players are not stated by the source and are left empty. RivalsTracker publishes 43 heroes for this filter; omitted heroes are not fabricated."
black-cat-s9-5-one-above-all,black-cat,Black Cat,seasonalRank,9.5,competitive,one_above_all,,,banRate,0.4000,ratio,6,,rivalstracker,primary,https://rivalstracker.com/heroes/black-cat,2026-08-25T14:02:59.000Z,2026-08-25T18:57:56.232Z,Unrated,9,43,"Filters: Season 9.5, Competitive, One Above All. Percentages are displayed by RivalsTracker to two decimal places and converted to ratios without further precision. sample_matches repeats the source Matches field for each metric row. hero_rank is the displayed table order (win rate descending); tier_label is source-provided. Platform, region, and sample_players are not stated by the source and are left empty. RivalsTracker publishes 43 heroes for this filter; omitted heroes are not fabricated."
angela-s9-5-one-above-all,angela,Angela,seasonalRank,9.5,competitive,one_above_all,,,winRate,1.0000,ratio,4,,rivalstracker,primary,https://rivalstracker.com/heroes/angela,2026-08-25T14:02:59.000Z,2026-08-25T18:57:56.232Z,Unrated,10,43,"Filters: Season 9.5, Competitive, One Above All. Percentages are displayed by RivalsTracker to two decimal places and converted to ratios without further precision. sample_matches repeats the source Matches field for each metric row. hero_rank is the displayed table order (win rate descending); tier_label is source-provided. Platform, region, and sample_players are not stated by the source and are left empty. RivalsTracker publishes 43 heroes for this filter; omitted heroes are not fabricated."
angela-s9-5-one-above-all,angela,Angela,seasonalRank,9.5,competitive,one_above_all,,,pickRate,0.0500,ratio,4,,rivalstracker,primary,https://rivalstracker.com/heroes/angela,2026-08-25T14:02:59.000Z,2026-08-25T18:57:56.232Z,Unrated,10,43,"Filters: Season 9.5, Competitive, One Above All. Percentages are displayed by RivalsTracker to two decimal places and converted to ratios without further precision. sample_matches repeats the source Matches field for each metric row. hero_rank is the displayed table order (win rate descending); tier_label is source-provided. Platform, region, and sample_players are not stated by the source and are left empty. RivalsTracker publishes 43 heroes for this filter; omitted heroes are not fabricated."
angela-s9-5-one-above-all,angela,Angela,seasonalRank,9.5,competitive,one_above_all,,,banRate,0.0125,ratio,4,,rivalstracker,primary,https://rivalstracker.com/heroes/angela,2026-08-25T14:02:59.000Z,2026-08-25T18:57:56.232Z,Unrated,10,43,"Filters: Season 9.5, Competitive, One Above All. Percentages are displayed by RivalsTracker to two decimal places and converted to ratios without further precision. sample_matches repeats the source Matches field for each metric row. hero_rank is the displayed table order (win rate descending); tier_label is source-provided. Platform, region, and sample_players are not stated by the source and are left empty. RivalsTracker publishes 43 heroes for this filter; omitted heroes are not fabricated."
adam-warlock-s9-5-one-above-all,adam-warlock,Adam Warlock,seasonalRank,9.5,competitive,one_above_all,,,winRate,1.0000,ratio,2,,rivalstracker,primary,https://rivalstracker.com/heroes/adam-warlock,2026-08-25T14:02:59.000Z,2026-08-25T18:57:56.232Z,Unrated,11,43,"Filters: Season 9.5, Competitive, One Above All. Percentages are displayed by RivalsTracker to two decimal places and converted to ratios without further precision. sample_matches repeats the source Matches field for each metric row. hero_rank is the displayed table order (win rate descending); tier_label is source-provided. Platform, region, and sample_players are not stated by the source and are left empty. RivalsTracker publishes 43 heroes for this filter; omitted heroes are not fabricated."
adam-warlock-s9-5-one-above-all,adam-warlock,Adam Warlock,seasonalRank,9.5,competitive,one_above_all,,,pickRate,0.0250,ratio,2,,rivalstracker,primary,https://rivalstracker.com/heroes/adam-warlock,2026-08-25T14:02:59.000Z,2026-08-25T18:57:56.232Z,Unrated,11,43,"Filters: Season 9.5, Competitive, One Above All. Percentages are displayed by RivalsTracker to two decimal places and converted to ratios without further precision. sample_matches repeats the source Matches field for each metric row. hero_rank is the displayed table order (win rate descending); tier_label is source-provided. Platform, region, and sample_players are not stated by the source and are left empty. RivalsTracker publishes 43 heroes for this filter; omitted heroes are not fabricated."
adam-warlock-s9-5-one-above-all,adam-warlock,Adam Warlock,seasonalRank,9.5,competitive,one_above_all,,,banRate,0.0375,ratio,2,,rivalstracker,primary,https://rivalstracker.com/heroes/adam-warlock,2026-08-25T14:02:59.000Z,2026-08-25T18:57:56.232Z,Unrated,11,43,"Filters: Season 9.5, Competitive, One Above All. Percentages are displayed by RivalsTracker to two decimal places and converted to ratios without further precision. sample_matches repeats the source Matches field for each metric row. hero_rank is the displayed table order (win rate descending); tier_label is source-provided. Platform, region, and sample_players are not stated by the source and are left empty. RivalsTracker publishes 43 heroes for this filter; omitted heroes are not fabricated."
mantis-s9-5-one-above-all,mantis,Mantis,seasonalRank,9.5,competitive,one_above_all,,,winRate,0.8333,ratio,44,,rivalstracker,primary,https://rivalstracker.com/heroes/mantis,2026-08-25T14:02:59.000Z,2026-08-25T18:57:56.232Z,Unrated,12,43,"Filters: Season 9.5, Competitive, One Above All. Percentages are displayed by RivalsTracker to two decimal places and converted to ratios without further precision. sample_matches repeats the source Matches field for each metric row. hero_rank is the displayed table order (win rate descending); tier_label is source-provided. Platform, region, and sample_players are not stated by the source and are left empty. RivalsTracker publishes 43 heroes for this filter; omitted heroes are not fabricated."
mantis-s9-5-one-above-all,mantis,Mantis,seasonalRank,9.5,competitive,one_above_all,,,pickRate,0.5500,ratio,44,,rivalstracker,primary,https://rivalstracker.com/heroes/mantis,2026-08-25T14:02:59.000Z,2026-08-25T18:57:56.232Z,Unrated,12,43,"Filters: Season 9.5, Competitive, One Above All. Percentages are displayed by RivalsTracker to two decimal places and converted to ratios without further precision. sample_matches repeats the source Matches field for each metric row. hero_rank is the displayed table order (win rate descending); tier_label is source-provided. Platform, region, and sample_players are not stated by the source and are left empty. RivalsTracker publishes 43 heroes for this filter; omitted heroes are not fabricated."
mantis-s9-5-one-above-all,mantis,Mantis,seasonalRank,9.5,competitive,one_above_all,,,banRate,0.1875,ratio,44,,rivalstracker,primary,https://rivalstracker.com/heroes/mantis,2026-08-25T14:02:59.000Z,2026-08-25T18:57:56.232Z,Unrated,12,43,"Filters: Season 9.5, Competitive, One Above All. Percentages are displayed by RivalsTracker to two decimal places and converted to ratios without further precision. sample_matches repeats the source Matches field for each metric row. hero_rank is the displayed table order (win rate descending); tier_label is source-provided. Platform, region, and sample_players are not stated by the source and are left empty. RivalsTracker publishes 43 heroes for this filter; omitted heroes are not fabricated."
daredevil-s9-5-one-above-all,daredevil,Daredevil,seasonalRank,9.5,competitive,one_above_all,,,winRate,0.8000,ratio,5,,rivalstracker,primary,https://rivalstracker.com/heroes/daredevil,2026-08-25T14:02:59.000Z,2026-08-25T18:57:56.232Z,Unrated,13,43,"Filters: Season 9.5, Competitive, One Above All. Percentages are displayed by RivalsTracker to two decimal places and converted to ratios without further precision. sample_matches repeats the source Matches field for each metric row. hero_rank is the displayed table order (win rate descending); tier_label is source-provided. Platform, region, and sample_players are not stated by the source and are left empty. RivalsTracker publishes 43 heroes for this filter; omitted heroes are not fabricated."
daredevil-s9-5-one-above-all,daredevil,Daredevil,seasonalRank,9.5,competitive,one_above_all,,,pickRate,0.0625,ratio,5,,rivalstracker,primary,https://rivalstracker.com/heroes/daredevil,2026-08-25T14:02:59.000Z,2026-08-25T18:57:56.232Z,Unrated,13,43,"Filters: Season 9.5, Competitive, One Above All. Percentages are displayed by RivalsTracker to two decimal places and converted to ratios without further precision. sample_matches repeats the source Matches field for each metric row. hero_rank is the displayed table order (win rate descending); tier_label is source-provided. Platform, region, and sample_players are not stated by the source and are left empty. RivalsTracker publishes 43 heroes for this filter; omitted heroes are not fabricated."
daredevil-s9-5-one-above-all,daredevil,Daredevil,seasonalRank,9.5,competitive,one_above_all,,,banRate,0.1000,ratio,5,,rivalstracker,primary,https://rivalstracker.com/heroes/daredevil,2026-08-25T14:02:59.000Z,2026-08-25T18:57:56.232Z,Unrated,13,43,"Filters: Season 9.5, Competitive, One Above All. Percentages are displayed by RivalsTracker to two decimal places and converted to ratios without further precision. sample_matches repeats the source Matches field for each metric row. hero_rank is the displayed table order (win rate descending); tier_label is source-provided. Platform, region, and sample_players are not stated by the source and are left empty. RivalsTracker publishes 43 heroes for this filter; omitted heroes are not fabricated."
magik-s9-5-one-above-all,magik,Magik,seasonalRank,9.5,competitive,one_above_all,,,winRate,0.7500,ratio,4,,rivalstracker,primary,https://rivalstracker.com/heroes/magik,2026-08-25T14:02:59.000Z,2026-08-25T18:57:56.232Z,Unrated,14,43,"Filters: Season 9.5, Competitive, One Above All. Percentages are displayed by RivalsTracker to two decimal places and converted to ratios without further precision. sample_matches repeats the source Matches field for each metric row. hero_rank is the displayed table order (win rate descending); tier_label is source-provided. Platform, region, and sample_players are not stated by the source and are left empty. RivalsTracker publishes 43 heroes for this filter; omitted heroes are not fabricated."
magik-s9-5-one-above-all,magik,Magik,seasonalRank,9.5,competitive,one_above_all,,,pickRate,0.0500,ratio,4,,rivalstracker,primary,https://rivalstracker.com/heroes/magik,2026-08-25T14:02:59.000Z,2026-08-25T18:57:56.232Z,Unrated,14,43,"Filters: Season 9.5, Competitive, One Above All. Percentages are displayed by RivalsTracker to two decimal places and converted to ratios without further precision. sample_matches repeats the source Matches field for each metric row. hero_rank is the displayed table order (win rate descending); tier_label is source-provided. Platform, region, and sample_players are not stated by the source and are left empty. RivalsTracker publishes 43 heroes for this filter; omitted heroes are not fabricated."
magik-s9-5-one-above-all,magik,Magik,seasonalRank,9.5,competitive,one_above_all,,,banRate,0.0250,ratio,4,,rivalstracker,primary,https://rivalstracker.com/heroes/magik,2026-08-25T14:02:59.000Z,2026-08-25T18:57:56.232Z,Unrated,14,43,"Filters: Season 9.5, Competitive, One Above All. Percentages are displayed by RivalsTracker to two decimal places and converted to ratios without further precision. sample_matches repeats the source Matches field for each metric row. hero_rank is the displayed table order (win rate descending); tier_label is source-provided. Platform, region, and sample_players are not stated by the source and are left empty. RivalsTracker publishes 43 heroes for this filter; omitted heroes are not fabricated."
hela-s9-5-one-above-all,hela,Hela,seasonalRank,9.5,competitive,one_above_all,,,winRate,0.7500,ratio,8,,rivalstracker,primary,https://rivalstracker.com/heroes/hela,2026-08-25T14:02:59.000Z,2026-08-25T18:57:56.232Z,Unrated,15,43,"Filters: Season 9.5, Competitive, One Above All. Percentages are displayed by RivalsTracker to two decimal places and converted to ratios without further precision. sample_matches repeats the source Matches field for each metric row. hero_rank is the displayed table order (win rate descending); tier_label is source-provided. Platform, region, and sample_players are not stated by the source and are left empty. RivalsTracker publishes 43 heroes for this filter; omitted heroes are not fabricated."
hela-s9-5-one-above-all,hela,Hela,seasonalRank,9.5,competitive,one_above_all,,,pickRate,0.1000,ratio,8,,rivalstracker,primary,https://rivalstracker.com/heroes/hela,2026-08-25T14:02:59.000Z,2026-08-25T18:57:56.232Z,Unrated,15,43,"Filters: Season 9.5, Competitive, One Above All. Percentages are displayed by RivalsTracker to two decimal places and converted to ratios without further precision. sample_matches repeats the source Matches field for each metric row. hero_rank is the displayed table order (win rate descending); tier_label is source-provided. Platform, region, and sample_players are not stated by the source and are left empty. RivalsTracker publishes 43 heroes for this filter; omitted heroes are not fabricated."
hela-s9-5-one-above-all,hela,Hela,seasonalRank,9.5,competitive,one_above_all,,,banRate,0.0750,ratio,8,,rivalstracker,primary,https://rivalstracker.com/heroes/hela,2026-08-25T14:02:59.000Z,2026-08-25T18:57:56.232Z,Unrated,15,43,"Filters: Season 9.5, Competitive, One Above All. Percentages are displayed by RivalsTracker to two decimal places and converted to ratios without further precision. sample_matches repeats the source Matches field for each metric row. hero_rank is the displayed table order (win rate descending); tier_label is source-provided. Platform, region, and sample_players are not stated by the source and are left empty. RivalsTracker publishes 43 heroes for this filter; omitted heroes are not fabricated."
rogue-s9-5-one-above-all,rogue,Rogue,seasonalRank,9.5,competitive,one_above_all,,,winRate,0.6667,ratio,5,,rivalstracker,primary,https://rivalstracker.com/heroes/rogue,2026-08-25T14:02:59.000Z,2026-08-25T18:57:56.232Z,Unrated,16,43,"Filters: Season 9.5, Competitive, One Above All. Percentages are displayed by RivalsTracker to two decimal places and converted to ratios without further precision. sample_matches repeats the source Matches field for each metric row. hero_rank is the displayed table order (win rate descending); tier_label is source-provided. Platform, region, and sample_players are not stated by the source and are left empty. RivalsTracker publishes 43 heroes for this filter; omitted heroes are not fabricated."
rogue-s9-5-one-above-all,rogue,Rogue,seasonalRank,9.5,competitive,one_above_all,,,pickRate,0.0625,ratio,5,,rivalstracker,primary,https://rivalstracker.com/heroes/rogue,2026-08-25T14:02:59.000Z,2026-08-25T18:57:56.232Z,Unrated,16,43,"Filters: Season 9.5, Competitive, One Above All. Percentages are displayed by RivalsTracker to two decimal places and converted to ratios without further precision. sample_matches repeats the source Matches field for each metric row. hero_rank is the displayed table order (win rate descending); tier_label is source-provided. Platform, region, and sample_players are not stated by the source and are left empty. RivalsTracker publishes 43 heroes for this filter; omitted heroes are not fabricated."
rogue-s9-5-one-above-all,rogue,Rogue,seasonalRank,9.5,competitive,one_above_all,,,banRate,0.0625,ratio,5,,rivalstracker,primary,https://rivalstracker.com/heroes/rogue,2026-08-25T14:02:59.000Z,2026-08-25T18:57:56.232Z,Unrated,16,43,"Filters: Season 9.5, Competitive, One Above All. Percentages are displayed by RivalsTracker to two decimal places and converted to ratios without further precision. sample_matches repeats the source Matches field for each metric row. hero_rank is the displayed table order (win rate descending); tier_label is source-provided. Platform, region, and sample_players are not stated by the source and are left empty. RivalsTracker publishes 43 heroes for this filter; omitted heroes are not fabricated."
groot-s9-5-one-above-all,groot,Groot,seasonalRank,9.5,competitive,one_above_all,,,winRate,0.6667,ratio,3,,rivalstracker,primary,https://rivalstracker.com/heroes/groot,2026-08-25T14:02:59.000Z,2026-08-25T18:57:56.232Z,Unrated,17,43,"Filters: Season 9.5, Competitive, One Above All. Percentages are displayed by RivalsTracker to two decimal places and converted to ratios without further precision. sample_matches repeats the source Matches field for each metric row. hero_rank is the displayed table order (win rate descending); tier_label is source-provided. Platform, region, and sample_players are not stated by the source and are left empty. RivalsTracker publishes 43 heroes for this filter; omitted heroes are not fabricated."
groot-s9-5-one-above-all,groot,Groot,seasonalRank,9.5,competitive,one_above_all,,,pickRate,0.0375,ratio,3,,rivalstracker,primary,https://rivalstracker.com/heroes/groot,2026-08-25T14:02:59.000Z,2026-08-25T18:57:56.232Z,Unrated,17,43,"Filters: Season 9.5, Competitive, One Above All. Percentages are displayed by RivalsTracker to two decimal places and converted to ratios without further precision. sample_matches repeats the source Matches field for each metric row. hero_rank is the displayed table order (win rate descending); tier_label is source-provided. Platform, region, and sample_players are not stated by the source and are left empty. RivalsTracker publishes 43 heroes for this filter; omitted heroes are not fabricated."
groot-s9-5-one-above-all,groot,Groot,seasonalRank,9.5,competitive,one_above_all,,,banRate,0.0500,ratio,3,,rivalstracker,primary,https://rivalstracker.com/heroes/groot,2026-08-25T14:02:59.000Z,2026-08-25T18:57:56.232Z,Unrated,17,43,"Filters: Season 9.5, Competitive, One Above All. Percentages are displayed by RivalsTracker to two decimal places and converted to ratios without further precision. sample_matches repeats the source Matches field for each metric row. hero_rank is the displayed table order (win rate descending); tier_label is source-provided. Platform, region, and sample_players are not stated by the source and are left empty. RivalsTracker publishes 43 heroes for this filter; omitted heroes are not fabricated."
invisible-woman-s9-5-one-above-all,invisible-woman,Invisible Woman,seasonalRank,9.5,competitive,one_above_all,,,winRate,0.6471,ratio,35,,rivalstracker,primary,https://rivalstracker.com/heroes/invisible-woman,2026-08-25T14:02:59.000Z,2026-08-25T18:57:56.232Z,Unrated,18,43,"Filters: Season 9.5, Competitive, One Above All. Percentages are displayed by RivalsTracker to two decimal places and converted to ratios without further precision. sample_matches repeats the source Matches field for each metric row. hero_rank is the displayed table order (win rate descending); tier_label is source-provided. Platform, region, and sample_players are not stated by the source and are left empty. RivalsTracker publishes 43 heroes for this filter; omitted heroes are not fabricated."
invisible-woman-s9-5-one-above-all,invisible-woman,Invisible Woman,seasonalRank,9.5,competitive,one_above_all,,,pickRate,0.4375,ratio,35,,rivalstracker,primary,https://rivalstracker.com/heroes/invisible-woman,2026-08-25T14:02:59.000Z,2026-08-25T18:57:56.232Z,Unrated,18,43,"Filters: Season 9.5, Competitive, One Above All. Percentages are displayed by RivalsTracker to two decimal places and converted to ratios without further precision. sample_matches repeats the source Matches field for each metric row. hero_rank is the displayed table order (win rate descending); tier_label is source-provided. Platform, region, and sample_players are not stated by the source and are left empty. RivalsTracker publishes 43 heroes for this filter; omitted heroes are not fabricated."
invisible-woman-s9-5-one-above-all,invisible-woman,Invisible Woman,seasonalRank,9.5,competitive,one_above_all,,,banRate,0.0000,ratio,35,,rivalstracker,primary,https://rivalstracker.com/heroes/invisible-woman,2026-08-25T14:02:59.000Z,2026-08-25T18:57:56.232Z,Unrated,18,43,"Filters: Season 9.5, Competitive, One Above All. Percentages are displayed by RivalsTracker to two decimal places and converted to ratios without further precision. sample_matches repeats the source Matches field for each metric row. hero_rank is the displayed table order (win rate descending); tier_label is source-provided. Platform, region, and sample_players are not stated by the source and are left empty. RivalsTracker publishes 43 heroes for this filter; omitted heroes are not fabricated."
the-punisher-s9-5-one-above-all,the-punisher,The Punisher,seasonalRank,9.5,competitive,one_above_all,,,winRate,0.5714,ratio,9,,rivalstracker,primary,https://rivalstracker.com/heroes/the-punisher,2026-08-25T14:02:59.000Z,2026-08-25T18:57:56.232Z,Unrated,19,43,"Filters: Season 9.5, Competitive, One Above All. Percentages are displayed by RivalsTracker to two decimal places and converted to ratios without further precision. sample_matches repeats the source Matches field for each metric row. hero_rank is the displayed table order (win rate descending); tier_label is source-provided. Platform, region, and sample_players are not stated by the source and are left empty. RivalsTracker publishes 43 heroes for this filter; omitted heroes are not fabricated."
the-punisher-s9-5-one-above-all,the-punisher,The Punisher,seasonalRank,9.5,competitive,one_above_all,,,pickRate,0.1125,ratio,9,,rivalstracker,primary,https://rivalstracker.com/heroes/the-punisher,2026-08-25T14:02:59.000Z,2026-08-25T18:57:56.232Z,Unrated,19,43,"Filters: Season 9.5, Competitive, One Above All. Percentages are displayed by RivalsTracker to two decimal places and converted to ratios without further precision. sample_matches repeats the source Matches field for each metric row. hero_rank is the displayed table order (win rate descending); tier_label is source-provided. Platform, region, and sample_players are not stated by the source and are left empty. RivalsTracker publishes 43 heroes for this filter; omitted heroes are not fabricated."
the-punisher-s9-5-one-above-all,the-punisher,The Punisher,seasonalRank,9.5,competitive,one_above_all,,,banRate,0.0250,ratio,9,,rivalstracker,primary,https://rivalstracker.com/heroes/the-punisher,2026-08-25T14:02:59.000Z,2026-08-25T18:57:56.232Z,Unrated,19,43,"Filters: Season 9.5, Competitive, One Above All. Percentages are displayed by RivalsTracker to two decimal places and converted to ratios without further precision. sample_matches repeats the source Matches field for each metric row. hero_rank is the displayed table order (win rate descending); tier_label is source-provided. Platform, region, and sample_players are not stated by the source and are left empty. RivalsTracker publishes 43 heroes for this filter; omitted heroes are not fabricated."
the-hood-s9-5-one-above-all,the-hood,The Hood,seasonalRank,9.5,competitive,one_above_all,,,winRate,0.5556,ratio,31,,rivalstracker,primary,https://rivalstracker.com/heroes/the-hood,2026-08-25T14:02:59.000Z,2026-08-25T18:57:56.232Z,Unrated,20,43,"Filters: Season 9.5, Competitive, One Above All. Percentages are displayed by RivalsTracker to two decimal places and converted to ratios without further precision. sample_matches repeats the source Matches field for each metric row. hero_rank is the displayed table order (win rate descending); tier_label is source-provided. Platform, region, and sample_players are not stated by the source and are left empty. RivalsTracker publishes 43 heroes for this filter; omitted heroes are not fabricated."
the-hood-s9-5-one-above-all,the-hood,The Hood,seasonalRank,9.5,competitive,one_above_all,,,pickRate,0.3875,ratio,31,,rivalstracker,primary,https://rivalstracker.com/heroes/the-hood,2026-08-25T14:02:59.000Z,2026-08-25T18:57:56.232Z,Unrated,20,43,"Filters: Season 9.5, Competitive, One Above All. Percentages are displayed by RivalsTracker to two decimal places and converted to ratios without further precision. sample_matches repeats the source Matches field for each metric row. hero_rank is the displayed table order (win rate descending); tier_label is source-provided. Platform, region, and sample_players are not stated by the source and are left empty. RivalsTracker publishes 43 heroes for this filter; omitted heroes are not fabricated."
the-hood-s9-5-one-above-all,the-hood,The Hood,seasonalRank,9.5,competitive,one_above_all,,,banRate,0.1750,ratio,31,,rivalstracker,primary,https://rivalstracker.com/heroes/the-hood,2026-08-25T14:02:59.000Z,2026-08-25T18:57:56.232Z,Unrated,20,43,"Filters: Season 9.5, Competitive, One Above All. Percentages are displayed by RivalsTracker to two decimal places and converted to ratios without further precision. sample_matches repeats the source Matches field for each metric row. hero_rank is the displayed table order (win rate descending); tier_label is source-provided. Platform, region, and sample_players are not stated by the source and are left empty. RivalsTracker publishes 43 heroes for this filter; omitted heroes are not fabricated."
the-thing-s9-5-one-above-all,the-thing,The Thing,seasonalRank,9.5,competitive,one_above_all,,,winRate,0.5000,ratio,30,,rivalstracker,primary,https://rivalstracker.com/heroes/the-thing,2026-08-25T14:02:59.000Z,2026-08-25T18:57:56.232Z,Unrated,21,43,"Filters: Season 9.5, Competitive, One Above All. Percentages are displayed by RivalsTracker to two decimal places and converted to ratios without further precision. sample_matches repeats the source Matches field for each metric row. hero_rank is the displayed table order (win rate descending); tier_label is source-provided. Platform, region, and sample_players are not stated by the source and are left empty. RivalsTracker publishes 43 heroes for this filter; omitted heroes are not fabricated."
the-thing-s9-5-one-above-all,the-thing,The Thing,seasonalRank,9.5,competitive,one_above_all,,,pickRate,0.3750,ratio,30,,rivalstracker,primary,https://rivalstracker.com/heroes/the-thing,2026-08-25T14:02:59.000Z,2026-08-25T18:57:56.232Z,Unrated,21,43,"Filters: Season 9.5, Competitive, One Above All. Percentages are displayed by RivalsTracker to two decimal places and converted to ratios without further precision. sample_matches repeats the source Matches field for each metric row. hero_rank is the displayed table order (win rate descending); tier_label is source-provided. Platform, region, and sample_players are not stated by the source and are left empty. RivalsTracker publishes 43 heroes for this filter; omitted heroes are not fabricated."
the-thing-s9-5-one-above-all,the-thing,The Thing,seasonalRank,9.5,competitive,one_above_all,,,banRate,0.0625,ratio,30,,rivalstracker,primary,https://rivalstracker.com/heroes/the-thing,2026-08-25T14:02:59.000Z,2026-08-25T18:57:56.232Z,Unrated,21,43,"Filters: Season 9.5, Competitive, One Above All. Percentages are displayed by RivalsTracker to two decimal places and converted to ratios without further precision. sample_matches repeats the source Matches field for each metric row. hero_rank is the displayed table order (win rate descending); tier_label is source-provided. Platform, region, and sample_players are not stated by the source and are left empty. RivalsTracker publishes 43 heroes for this filter; omitted heroes are not fabricated."
spider-man-s9-5-one-above-all,spider-man,Spider-man,seasonalRank,9.5,competitive,one_above_all,,,winRate,0.5000,ratio,4,,rivalstracker,primary,https://rivalstracker.com/heroes/spider-man,2026-08-25T14:02:59.000Z,2026-08-25T18:57:56.232Z,Unrated,22,43,"Filters: Season 9.5, Competitive, One Above All. Percentages are displayed by RivalsTracker to two decimal places and converted to ratios without further precision. sample_matches repeats the source Matches field for each metric row. hero_rank is the displayed table order (win rate descending); tier_label is source-provided. Platform, region, and sample_players are not stated by the source and are left empty. RivalsTracker publishes 43 heroes for this filter; omitted heroes are not fabricated."
spider-man-s9-5-one-above-all,spider-man,Spider-man,seasonalRank,9.5,competitive,one_above_all,,,pickRate,0.0500,ratio,4,,rivalstracker,primary,https://rivalstracker.com/heroes/spider-man,2026-08-25T14:02:59.000Z,2026-08-25T18:57:56.232Z,Unrated,22,43,"Filters: Season 9.5, Competitive, One Above All. Percentages are displayed by RivalsTracker to two decimal places and converted to ratios without further precision. sample_matches repeats the source Matches field for each metric row. hero_rank is the displayed table order (win rate descending); tier_label is source-provided. Platform, region, and sample_players are not stated by the source and are left empty. RivalsTracker publishes 43 heroes for this filter; omitted heroes are not fabricated."
spider-man-s9-5-one-above-all,spider-man,Spider-man,seasonalRank,9.5,competitive,one_above_all,,,banRate,0.2125,ratio,4,,rivalstracker,primary,https://rivalstracker.com/heroes/spider-man,2026-08-25T14:02:59.000Z,2026-08-25T18:57:56.232Z,Unrated,22,43,"Filters: Season 9.5, Competitive, One Above All. Percentages are displayed by RivalsTracker to two decimal places and converted to ratios without further precision. sample_matches repeats the source Matches field for each metric row. hero_rank is the displayed table order (win rate descending); tier_label is source-provided. Platform, region, and sample_players are not stated by the source and are left empty. RivalsTracker publishes 43 heroes for this filter; omitted heroes are not fabricated."
luna-snow-s9-5-one-above-all,luna-snow,Luna Snow,seasonalRank,9.5,competitive,one_above_all,,,winRate,0.5000,ratio,8,,rivalstracker,primary,https://rivalstracker.com/heroes/luna-snow,2026-08-25T14:02:59.000Z,2026-08-25T18:57:56.232Z,Unrated,23,43,"Filters: Season 9.5, Competitive, One Above All. Percentages are displayed by RivalsTracker to two decimal places and converted to ratios without further precision. sample_matches repeats the source Matches field for each metric row. hero_rank is the displayed table order (win rate descending); tier_label is source-provided. Platform, region, and sample_players are not stated by the source and are left empty. RivalsTracker publishes 43 heroes for this filter; omitted heroes are not fabricated."
luna-snow-s9-5-one-above-all,luna-snow,Luna Snow,seasonalRank,9.5,competitive,one_above_all,,,pickRate,0.1000,ratio,8,,rivalstracker,primary,https://rivalstracker.com/heroes/luna-snow,2026-08-25T14:02:59.000Z,2026-08-25T18:57:56.232Z,Unrated,23,43,"Filters: Season 9.5, Competitive, One Above All. Percentages are displayed by RivalsTracker to two decimal places and converted to ratios without further precision. sample_matches repeats the source Matches field for each metric row. hero_rank is the displayed table order (win rate descending); tier_label is source-provided. Platform, region, and sample_players are not stated by the source and are left empty. RivalsTracker publishes 43 heroes for this filter; omitted heroes are not fabricated."
luna-snow-s9-5-one-above-all,luna-snow,Luna Snow,seasonalRank,9.5,competitive,one_above_all,,,banRate,0.0000,ratio,8,,rivalstracker,primary,https://rivalstracker.com/heroes/luna-snow,2026-08-25T14:02:59.000Z,2026-08-25T18:57:56.232Z,Unrated,23,43,"Filters: Season 9.5, Competitive, One Above All. Percentages are displayed by RivalsTracker to two decimal places and converted to ratios without further precision. sample_matches repeats the source Matches field for each metric row. hero_rank is the displayed table order (win rate descending); tier_label is source-provided. Platform, region, and sample_players are not stated by the source and are left empty. RivalsTracker publishes 43 heroes for this filter; omitted heroes are not fabricated."
elsa-bloodstone-s9-5-one-above-all,elsa-bloodstone,Elsa Bloodstone,seasonalRank,9.5,competitive,one_above_all,,,winRate,0.5000,ratio,34,,rivalstracker,primary,https://rivalstracker.com/heroes/elsa-bloodstone,2026-08-25T14:02:59.000Z,2026-08-25T18:57:56.232Z,Unrated,24,43,"Filters: Season 9.5, Competitive, One Above All. Percentages are displayed by RivalsTracker to two decimal places and converted to ratios without further precision. sample_matches repeats the source Matches field for each metric row. hero_rank is the displayed table order (win rate descending); tier_label is source-provided. Platform, region, and sample_players are not stated by the source and are left empty. RivalsTracker publishes 43 heroes for this filter; omitted heroes are not fabricated."
elsa-bloodstone-s9-5-one-above-all,elsa-bloodstone,Elsa Bloodstone,seasonalRank,9.5,competitive,one_above_all,,,pickRate,0.4250,ratio,34,,rivalstracker,primary,https://rivalstracker.com/heroes/elsa-bloodstone,2026-08-25T14:02:59.000Z,2026-08-25T18:57:56.232Z,Unrated,24,43,"Filters: Season 9.5, Competitive, One Above All. Percentages are displayed by RivalsTracker to two decimal places and converted to ratios without further precision. sample_matches repeats the source Matches field for each metric row. hero_rank is the displayed table order (win rate descending); tier_label is source-provided. Platform, region, and sample_players are not stated by the source and are left empty. RivalsTracker publishes 43 heroes for this filter; omitted heroes are not fabricated."
elsa-bloodstone-s9-5-one-above-all,elsa-bloodstone,Elsa Bloodstone,seasonalRank,9.5,competitive,one_above_all,,,banRate,0.2375,ratio,34,,rivalstracker,primary,https://rivalstracker.com/heroes/elsa-bloodstone,2026-08-25T14:02:59.000Z,2026-08-25T18:57:56.232Z,Unrated,24,43,"Filters: Season 9.5, Competitive, One Above All. Percentages are displayed by RivalsTracker to two decimal places and converted to ratios without further precision. sample_matches repeats the source Matches field for each metric row. hero_rank is the displayed table order (win rate descending); tier_label is source-provided. Platform, region, and sample_players are not stated by the source and are left empty. RivalsTracker publishes 43 heroes for this filter; omitted heroes are not fabricated."
doctor-strange-s9-5-one-above-all,doctor-strange,Doctor Strange,seasonalRank,9.5,competitive,one_above_all,,,winRate,0.5000,ratio,10,,rivalstracker,primary,https://rivalstracker.com/heroes/doctor-strange,2026-08-25T14:02:59.000Z,2026-08-25T18:57:56.232Z,Unrated,25,43,"Filters: Season 9.5, Competitive, One Above All. Percentages are displayed by RivalsTracker to two decimal places and converted to ratios without further precision. sample_matches repeats the source Matches field for each metric row. hero_rank is the displayed table order (win rate descending); tier_label is source-provided. Platform, region, and sample_players are not stated by the source and are left empty. RivalsTracker publishes 43 heroes for this filter; omitted heroes are not fabricated."
doctor-strange-s9-5-one-above-all,doctor-strange,Doctor Strange,seasonalRank,9.5,competitive,one_above_all,,,pickRate,0.1250,ratio,10,,rivalstracker,primary,https://rivalstracker.com/heroes/doctor-strange,2026-08-25T14:02:59.000Z,2026-08-25T18:57:56.232Z,Unrated,25,43,"Filters: Season 9.5, Competitive, One Above All. Percentages are displayed by RivalsTracker to two decimal places and converted to ratios without further precision. sample_matches repeats the source Matches field for each metric row. hero_rank is the displayed table order (win rate descending); tier_label is source-provided. Platform, region, and sample_players are not stated by the source and are left empty. RivalsTracker publishes 43 heroes for this filter; omitted heroes are not fabricated."
doctor-strange-s9-5-one-above-all,doctor-strange,Doctor Strange,seasonalRank,9.5,competitive,one_above_all,,,banRate,0.0000,ratio,10,,rivalstracker,primary,https://rivalstracker.com/heroes/doctor-strange,2026-08-25T14:02:59.000Z,2026-08-25T18:57:56.232Z,Unrated,25,43,"Filters: Season 9.5, Competitive, One Above All. Percentages are displayed by RivalsTracker to two decimal places and converted to ratios without further precision. sample_matches repeats the source Matches field for each metric row. hero_rank is the displayed table order (win rate descending); tier_label is source-provided. Platform, region, and sample_players are not stated by the source and are left empty. RivalsTracker publishes 43 heroes for this filter; omitted heroes are not fabricated."
cyclops-s9-5-one-above-all,cyclops,Cyclops,seasonalRank,9.5,competitive,one_above_all,,,winRate,0.5000,ratio,4,,rivalstracker,primary,https://rivalstracker.com/heroes/cyclops,2026-08-25T14:02:59.000Z,2026-08-25T18:57:56.232Z,Unrated,26,43,"Filters: Season 9.5, Competitive, One Above All. Percentages are displayed by RivalsTracker to two decimal places and converted to ratios without further precision. sample_matches repeats the source Matches field for each metric row. hero_rank is the displayed table order (win rate descending); tier_label is source-provided. Platform, region, and sample_players are not stated by the source and are left empty. RivalsTracker publishes 43 heroes for this filter; omitted heroes are not fabricated."
cyclops-s9-5-one-above-all,cyclops,Cyclops,seasonalRank,9.5,competitive,one_above_all,,,pickRate,0.0500,ratio,4,,rivalstracker,primary,https://rivalstracker.com/heroes/cyclops,2026-08-25T14:02:59.000Z,2026-08-25T18:57:56.232Z,Unrated,26,43,"Filters: Season 9.5, Competitive, One Above All. Percentages are displayed by RivalsTracker to two decimal places and converted to ratios without further precision. sample_matches repeats the source Matches field for each metric row. hero_rank is the displayed table order (win rate descending); tier_label is source-provided. Platform, region, and sample_players are not stated by the source and are left empty. RivalsTracker publishes 43 heroes for this filter; omitted heroes are not fabricated."
cyclops-s9-5-one-above-all,cyclops,Cyclops,seasonalRank,9.5,competitive,one_above_all,,,banRate,0.0000,ratio,4,,rivalstracker,primary,https://rivalstracker.com/heroes/cyclops,2026-08-25T14:02:59.000Z,2026-08-25T18:57:56.232Z,Unrated,26,43,"Filters: Season 9.5, Competitive, One Above All. Percentages are displayed by RivalsTracker to two decimal places and converted to ratios without further precision. sample_matches repeats the source Matches field for each metric row. hero_rank is the displayed table order (win rate descending); tier_label is source-provided. Platform, region, and sample_players are not stated by the source and are left empty. RivalsTracker publishes 43 heroes for this filter; omitted heroes are not fabricated."
loki-s9-5-one-above-all,loki,Loki,seasonalRank,9.5,competitive,one_above_all,,,winRate,0.4286,ratio,15,,rivalstracker,primary,https://rivalstracker.com/heroes/loki,2026-08-25T14:02:59.000Z,2026-08-25T18:57:56.232Z,Unrated,27,43,"Filters: Season 9.5, Competitive, One Above All. Percentages are displayed by RivalsTracker to two decimal places and converted to ratios without further precision. sample_matches repeats the source Matches field for each metric row. hero_rank is the displayed table order (win rate descending); tier_label is source-provided. Platform, region, and sample_players are not stated by the source and are left empty. RivalsTracker publishes 43 heroes for this filter; omitted heroes are not fabricated."
loki-s9-5-one-above-all,loki,Loki,seasonalRank,9.5,competitive,one_above_all,,,pickRate,0.1875,ratio,15,,rivalstracker,primary,https://rivalstracker.com/heroes/loki,2026-08-25T14:02:59.000Z,2026-08-25T18:57:56.232Z,Unrated,27,43,"Filters: Season 9.5, Competitive, One Above All. Percentages are displayed by RivalsTracker to two decimal places and converted to ratios without further precision. sample_matches repeats the source Matches field for each metric row. hero_rank is the displayed table order (win rate descending); tier_label is source-provided. Platform, region, and sample_players are not stated by the source and are left empty. RivalsTracker publishes 43 heroes for this filter; omitted heroes are not fabricated."
loki-s9-5-one-above-all,loki,Loki,seasonalRank,9.5,competitive,one_above_all,,,banRate,0.0500,ratio,15,,rivalstracker,primary,https://rivalstracker.com/heroes/loki,2026-08-25T14:02:59.000Z,2026-08-25T18:57:56.232Z,Unrated,27,43,"Filters: Season 9.5, Competitive, One Above All. Percentages are displayed by RivalsTracker to two decimal places and converted to ratios without further precision. sample_matches repeats the source Matches field for each metric row. hero_rank is the displayed table order (win rate descending); tier_label is source-provided. Platform, region, and sample_players are not stated by the source and are left empty. RivalsTracker publishes 43 heroes for this filter; omitted heroes are not fabricated."
venom-s9-5-one-above-all,venom,Venom,seasonalRank,9.5,competitive,one_above_all,,,winRate,0.4000,ratio,5,,rivalstracker,primary,https://rivalstracker.com/heroes/venom,2026-08-25T14:02:59.000Z,2026-08-25T18:57:56.232Z,Unrated,28,43,"Filters: Season 9.5, Competitive, One Above All. Percentages are displayed by RivalsTracker to two decimal places and converted to ratios without further precision. sample_matches repeats the source Matches field for each metric row. hero_rank is the displayed table order (win rate descending); tier_label is source-provided. Platform, region, and sample_players are not stated by the source and are left empty. RivalsTracker publishes 43 heroes for this filter; omitted heroes are not fabricated."
venom-s9-5-one-above-all,venom,Venom,seasonalRank,9.5,competitive,one_above_all,,,pickRate,0.0625,ratio,5,,rivalstracker,primary,https://rivalstracker.com/heroes/venom,2026-08-25T14:02:59.000Z,2026-08-25T18:57:56.232Z,Unrated,28,43,"Filters: Season 9.5, Competitive, One Above All. Percentages are displayed by RivalsTracker to two decimal places and converted to ratios without further precision. sample_matches repeats the source Matches field for each metric row. hero_rank is the displayed table order (win rate descending); tier_label is source-provided. Platform, region, and sample_players are not stated by the source and are left empty. RivalsTracker publishes 43 heroes for this filter; omitted heroes are not fabricated."
venom-s9-5-one-above-all,venom,Venom,seasonalRank,9.5,competitive,one_above_all,,,banRate,0.0500,ratio,5,,rivalstracker,primary,https://rivalstracker.com/heroes/venom,2026-08-25T14:02:59.000Z,2026-08-25T18:57:56.232Z,Unrated,28,43,"Filters: Season 9.5, Competitive, One Above All. Percentages are displayed by RivalsTracker to two decimal places and converted to ratios without further precision. sample_matches repeats the source Matches field for each metric row. hero_rank is the displayed table order (win rate descending); tier_label is source-provided. Platform, region, and sample_players are not stated by the source and are left empty. RivalsTracker publishes 43 heroes for this filter; omitted heroes are not fabricated."
magneto-s9-5-one-above-all,magneto,Magneto,seasonalRank,9.5,competitive,one_above_all,,,winRate,0.4000,ratio,55,,rivalstracker,primary,https://rivalstracker.com/heroes/magneto,2026-08-25T14:02:59.000Z,2026-08-25T18:57:56.232Z,Unrated,29,43,"Filters: Season 9.5, Competitive, One Above All. Percentages are displayed by RivalsTracker to two decimal places and converted to ratios without further precision. sample_matches repeats the source Matches field for each metric row. hero_rank is the displayed table order (win rate descending); tier_label is source-provided. Platform, region, and sample_players are not stated by the source and are left empty. RivalsTracker publishes 43 heroes for this filter; omitted heroes are not fabricated."
magneto-s9-5-one-above-all,magneto,Magneto,seasonalRank,9.5,competitive,one_above_all,,,pickRate,0.6875,ratio,55,,rivalstracker,primary,https://rivalstracker.com/heroes/magneto,2026-08-25T14:02:59.000Z,2026-08-25T18:57:56.232Z,Unrated,29,43,"Filters: Season 9.5, Competitive, One Above All. Percentages are displayed by RivalsTracker to two decimal places and converted to ratios without further precision. sample_matches repeats the source Matches field for each metric row. hero_rank is the displayed table order (win rate descending); tier_label is source-provided. Platform, region, and sample_players are not stated by the source and are left empty. RivalsTracker publishes 43 heroes for this filter; omitted heroes are not fabricated."
magneto-s9-5-one-above-all,magneto,Magneto,seasonalRank,9.5,competitive,one_above_all,,,banRate,0.1250,ratio,55,,rivalstracker,primary,https://rivalstracker.com/heroes/magneto,2026-08-25T14:02:59.000Z,2026-08-25T18:57:56.232Z,Unrated,29,43,"Filters: Season 9.5, Competitive, One Above All. Percentages are displayed by RivalsTracker to two decimal places and converted to ratios without further precision. sample_matches repeats the source Matches field for each metric row. hero_rank is the displayed table order (win rate descending); tier_label is source-provided. Platform, region, and sample_players are not stated by the source and are left empty. RivalsTracker publishes 43 heroes for this filter; omitted heroes are not fabricated."
emma-frost-s9-5-one-above-all,emma-frost,Emma Frost,seasonalRank,9.5,competitive,one_above_all,,,winRate,0.3636,ratio,25,,rivalstracker,primary,https://rivalstracker.com/heroes/emma-frost,2026-08-25T14:02:59.000Z,2026-08-25T18:57:56.232Z,Unrated,30,43,"Filters: Season 9.5, Competitive, One Above All. Percentages are displayed by RivalsTracker to two decimal places and converted to ratios without further precision. sample_matches repeats the source Matches field for each metric row. hero_rank is the displayed table order (win rate descending); tier_label is source-provided. Platform, region, and sample_players are not stated by the source and are left empty. RivalsTracker publishes 43 heroes for this filter; omitted heroes are not fabricated."
emma-frost-s9-5-one-above-all,emma-frost,Emma Frost,seasonalRank,9.5,competitive,one_above_all,,,pickRate,0.3125,ratio,25,,rivalstracker,primary,https://rivalstracker.com/heroes/emma-frost,2026-08-25T14:02:59.000Z,2026-08-25T18:57:56.232Z,Unrated,30,43,"Filters: Season 9.5, Competitive, One Above All. Percentages are displayed by RivalsTracker to two decimal places and converted to ratios without further precision. sample_matches repeats the source Matches field for each metric row. hero_rank is the displayed table order (win rate descending); tier_label is source-provided. Platform, region, and sample_players are not stated by the source and are left empty. RivalsTracker publishes 43 heroes for this filter; omitted heroes are not fabricated."
emma-frost-s9-5-one-above-all,emma-frost,Emma Frost,seasonalRank,9.5,competitive,one_above_all,,,banRate,0.1000,ratio,25,,rivalstracker,primary,https://rivalstracker.com/heroes/emma-frost,2026-08-25T14:02:59.000Z,2026-08-25T18:57:56.232Z,Unrated,30,43,"Filters: Season 9.5, Competitive, One Above All. Percentages are displayed by RivalsTracker to two decimal places and converted to ratios without further precision. sample_matches repeats the source Matches field for each metric row. hero_rank is the displayed table order (win rate descending); tier_label is source-provided. Platform, region, and sample_players are not stated by the source and are left empty. RivalsTracker publishes 43 heroes for this filter; omitted heroes are not fabricated."
black-widow-s9-5-one-above-all,black-widow,Black Widow,seasonalRank,9.5,competitive,one_above_all,,,winRate,0.3636,ratio,13,,rivalstracker,primary,https://rivalstracker.com/heroes/black-widow,2026-08-25T14:02:59.000Z,2026-08-25T18:57:56.232Z,Unrated,31,43,"Filters: Season 9.5, Competitive, One Above All. Percentages are displayed by RivalsTracker to two decimal places and converted to ratios without further precision. sample_matches repeats the source Matches field for each metric row. hero_rank is the displayed table order (win rate descending); tier_label is source-provided. Platform, region, and sample_players are not stated by the source and are left empty. RivalsTracker publishes 43 heroes for this filter; omitted heroes are not fabricated."
black-widow-s9-5-one-above-all,black-widow,Black Widow,seasonalRank,9.5,competitive,one_above_all,,,pickRate,0.1625,ratio,13,,rivalstracker,primary,https://rivalstracker.com/heroes/black-widow,2026-08-25T14:02:59.000Z,2026-08-25T18:57:56.232Z,Unrated,31,43,"Filters: Season 9.5, Competitive, One Above All. Percentages are displayed by RivalsTracker to two decimal places and converted to ratios without further precision. sample_matches repeats the source Matches field for each metric row. hero_rank is the displayed table order (win rate descending); tier_label is source-provided. Platform, region, and sample_players are not stated by the source and are left empty. RivalsTracker publishes 43 heroes for this filter; omitted heroes are not fabricated."
black-widow-s9-5-one-above-all,black-widow,Black Widow,seasonalRank,9.5,competitive,one_above_all,,,banRate,0.1750,ratio,13,,rivalstracker,primary,https://rivalstracker.com/heroes/black-widow,2026-08-25T14:02:59.000Z,2026-08-25T18:57:56.232Z,Unrated,31,43,"Filters: Season 9.5, Competitive, One Above All. Percentages are displayed by RivalsTracker to two decimal places and converted to ratios without further precision. sample_matches repeats the source Matches field for each metric row. hero_rank is the displayed table order (win rate descending); tier_label is source-provided. Platform, region, and sample_players are not stated by the source and are left empty. RivalsTracker publishes 43 heroes for this filter; omitted heroes are not fabricated."
rocket-raccoon-s9-5-one-above-all,rocket-raccoon,Rocket Raccoon,seasonalRank,9.5,competitive,one_above_all,,,winRate,0.3333,ratio,11,,rivalstracker,primary,https://rivalstracker.com/heroes/rocket-raccoon,2026-08-25T14:02:59.000Z,2026-08-25T18:57:56.232Z,Unrated,32,43,"Filters: Season 9.5, Competitive, One Above All. Percentages are displayed by RivalsTracker to two decimal places and converted to ratios without further precision. sample_matches repeats the source Matches field for each metric row. hero_rank is the displayed table order (win rate descending); tier_label is source-provided. Platform, region, and sample_players are not stated by the source and are left empty. RivalsTracker publishes 43 heroes for this filter; omitted heroes are not fabricated."
rocket-raccoon-s9-5-one-above-all,rocket-raccoon,Rocket Raccoon,seasonalRank,9.5,competitive,one_above_all,,,pickRate,0.1375,ratio,11,,rivalstracker,primary,https://rivalstracker.com/heroes/rocket-raccoon,2026-08-25T14:02:59.000Z,2026-08-25T18:57:56.232Z,Unrated,32,43,"Filters: Season 9.5, Competitive, One Above All. Percentages are displayed by RivalsTracker to two decimal places and converted to ratios without further precision. sample_matches repeats the source Matches field for each metric row. hero_rank is the displayed table order (win rate descending); tier_label is source-provided. Platform, region, and sample_players are not stated by the source and are left empty. RivalsTracker publishes 43 heroes for this filter; omitted heroes are not fabricated."
rocket-raccoon-s9-5-one-above-all,rocket-raccoon,Rocket Raccoon,seasonalRank,9.5,competitive,one_above_all,,,banRate,0.0000,ratio,11,,rivalstracker,primary,https://rivalstracker.com/heroes/rocket-raccoon,2026-08-25T14:02:59.000Z,2026-08-25T18:57:56.232Z,Unrated,32,43,"Filters: Season 9.5, Competitive, One Above All. Percentages are displayed by RivalsTracker to two decimal places and converted to ratios without further precision. sample_matches repeats the source Matches field for each metric row. hero_rank is the displayed table order (win rate descending); tier_label is source-provided. Platform, region, and sample_players are not stated by the source and are left empty. RivalsTracker publishes 43 heroes for this filter; omitted heroes are not fabricated."
cloak-and-dagger-s9-5-one-above-all,cloak-and-dagger,Cloak & Dagger,seasonalRank,9.5,competitive,one_above_all,,,winRate,0.3077,ratio,15,,rivalstracker,primary,https://rivalstracker.com/heroes/cloak-&-dagger,2026-08-25T14:02:59.000Z,2026-08-25T18:57:56.232Z,Unrated,33,43,"Filters: Season 9.5, Competitive, One Above All. Percentages are displayed by RivalsTracker to two decimal places and converted to ratios without further precision. sample_matches repeats the source Matches field for each metric row. hero_rank is the displayed table order (win rate descending); tier_label is source-provided. Platform, region, and sample_players are not stated by the source and are left empty. RivalsTracker publishes 43 heroes for this filter; omitted heroes are not fabricated."
cloak-and-dagger-s9-5-one-above-all,cloak-and-dagger,Cloak & Dagger,seasonalRank,9.5,competitive,one_above_all,,,pickRate,0.1875,ratio,15,,rivalstracker,primary,https://rivalstracker.com/heroes/cloak-&-dagger,2026-08-25T14:02:59.000Z,2026-08-25T18:57:56.232Z,Unrated,33,43,"Filters: Season 9.5, Competitive, One Above All. Percentages are displayed by RivalsTracker to two decimal places and converted to ratios without further precision. sample_matches repeats the source Matches field for each metric row. hero_rank is the displayed table order (win rate descending); tier_label is source-provided. Platform, region, and sample_players are not stated by the source and are left empty. RivalsTracker publishes 43 heroes for this filter; omitted heroes are not fabricated."
cloak-and-dagger-s9-5-one-above-all,cloak-and-dagger,Cloak & Dagger,seasonalRank,9.5,competitive,one_above_all,,,banRate,0.0250,ratio,15,,rivalstracker,primary,https://rivalstracker.com/heroes/cloak-&-dagger,2026-08-25T14:02:59.000Z,2026-08-25T18:57:56.232Z,Unrated,33,43,"Filters: Season 9.5, Competitive, One Above All. Percentages are displayed by RivalsTracker to two decimal places and converted to ratios without further precision. sample_matches repeats the source Matches field for each metric row. hero_rank is the displayed table order (win rate descending); tier_label is source-provided. Platform, region, and sample_players are not stated by the source and are left empty. RivalsTracker publishes 43 heroes for this filter; omitted heroes are not fabricated."
wolverine-s9-5-one-above-all,wolverine,Wolverine,seasonalRank,9.5,competitive,one_above_all,,,winRate,0.2500,ratio,12,,rivalstracker,primary,https://rivalstracker.com/heroes/wolverine,2026-08-25T14:02:59.000Z,2026-08-25T18:57:56.232Z,Unrated,34,43,"Filters: Season 9.5, Competitive, One Above All. Percentages are displayed by RivalsTracker to two decimal places and converted to ratios without further precision. sample_matches repeats the source Matches field for each metric row. hero_rank is the displayed table order (win rate descending); tier_label is source-provided. Platform, region, and sample_players are not stated by the source and are left empty. RivalsTracker publishes 43 heroes for this filter; omitted heroes are not fabricated."
wolverine-s9-5-one-above-all,wolverine,Wolverine,seasonalRank,9.5,competitive,one_above_all,,,pickRate,0.1500,ratio,12,,rivalstracker,primary,https://rivalstracker.com/heroes/wolverine,2026-08-25T14:02:59.000Z,2026-08-25T18:57:56.232Z,Unrated,34,43,"Filters: Season 9.5, Competitive, One Above All. Percentages are displayed by RivalsTracker to two decimal places and converted to ratios without further precision. sample_matches repeats the source Matches field for each metric row. hero_rank is the displayed table order (win rate descending); tier_label is source-provided. Platform, region, and sample_players are not stated by the source and are left empty. RivalsTracker publishes 43 heroes for this filter; omitted heroes are not fabricated."
wolverine-s9-5-one-above-all,wolverine,Wolverine,seasonalRank,9.5,competitive,one_above_all,,,banRate,0.2000,ratio,12,,rivalstracker,primary,https://rivalstracker.com/heroes/wolverine,2026-08-25T14:02:59.000Z,2026-08-25T18:57:56.232Z,Unrated,34,43,"Filters: Season 9.5, Competitive, One Above All. Percentages are displayed by RivalsTracker to two decimal places and converted to ratios without further precision. sample_matches repeats the source Matches field for each metric row. hero_rank is the displayed table order (win rate descending); tier_label is source-provided. Platform, region, and sample_players are not stated by the source and are left empty. RivalsTracker publishes 43 heroes for this filter; omitted heroes are not fabricated."
winter-soldier-s9-5-one-above-all,winter-soldier,Winter Soldier,seasonalRank,9.5,competitive,one_above_all,,,winRate,0.1429,ratio,32,,rivalstracker,primary,https://rivalstracker.com/heroes/winter-soldier,2026-08-25T14:02:59.000Z,2026-08-25T18:57:56.232Z,Unrated,35,43,"Filters: Season 9.5, Competitive, One Above All. Percentages are displayed by RivalsTracker to two decimal places and converted to ratios without further precision. sample_matches repeats the source Matches field for each metric row. hero_rank is the displayed table order (win rate descending); tier_label is source-provided. Platform, region, and sample_players are not stated by the source and are left empty. RivalsTracker publishes 43 heroes for this filter; omitted heroes are not fabricated."
winter-soldier-s9-5-one-above-all,winter-soldier,Winter Soldier,seasonalRank,9.5,competitive,one_above_all,,,pickRate,0.4000,ratio,32,,rivalstracker,primary,https://rivalstracker.com/heroes/winter-soldier,2026-08-25T14:02:59.000Z,2026-08-25T18:57:56.232Z,Unrated,35,43,"Filters: Season 9.5, Competitive, One Above All. Percentages are displayed by RivalsTracker to two decimal places and converted to ratios without further precision. sample_matches repeats the source Matches field for each metric row. hero_rank is the displayed table order (win rate descending); tier_label is source-provided. Platform, region, and sample_players are not stated by the source and are left empty. RivalsTracker publishes 43 heroes for this filter; omitted heroes are not fabricated."
winter-soldier-s9-5-one-above-all,winter-soldier,Winter Soldier,seasonalRank,9.5,competitive,one_above_all,,,banRate,0.1000,ratio,32,,rivalstracker,primary,https://rivalstracker.com/heroes/winter-soldier,2026-08-25T14:02:59.000Z,2026-08-25T18:57:56.232Z,Unrated,35,43,"Filters: Season 9.5, Competitive, One Above All. Percentages are displayed by RivalsTracker to two decimal places and converted to ratios without further precision. sample_matches repeats the source Matches field for each metric row. hero_rank is the displayed table order (win rate descending); tier_label is source-provided. Platform, region, and sample_players are not stated by the source and are left empty. RivalsTracker publishes 43 heroes for this filter; omitted heroes are not fabricated."
star-lord-s9-5-one-above-all,star-lord,Star-lord,seasonalRank,9.5,competitive,one_above_all,,,winRate,0.0000,ratio,1,,rivalstracker,primary,https://rivalstracker.com/heroes/star-lord,2026-08-25T14:02:59.000Z,2026-08-25T18:57:56.232Z,Unrated,36,43,"Filters: Season 9.5, Competitive, One Above All. Percentages are displayed by RivalsTracker to two decimal places and converted to ratios without further precision. sample_matches repeats the source Matches field for each metric row. hero_rank is the displayed table order (win rate descending); tier_label is source-provided. Platform, region, and sample_players are not stated by the source and are left empty. RivalsTracker publishes 43 heroes for this filter; omitted heroes are not fabricated."
star-lord-s9-5-one-above-all,star-lord,Star-lord,seasonalRank,9.5,competitive,one_above_all,,,pickRate,0.0125,ratio,1,,rivalstracker,primary,https://rivalstracker.com/heroes/star-lord,2026-08-25T14:02:59.000Z,2026-08-25T18:57:56.232Z,Unrated,36,43,"Filters: Season 9.5, Competitive, One Above All. Percentages are displayed by RivalsTracker to two decimal places and converted to ratios without further precision. sample_matches repeats the source Matches field for each metric row. hero_rank is the displayed table order (win rate descending); tier_label is source-provided. Platform, region, and sample_players are not stated by the source and are left empty. RivalsTracker publishes 43 heroes for this filter; omitted heroes are not fabricated."
star-lord-s9-5-one-above-all,star-lord,Star-lord,seasonalRank,9.5,competitive,one_above_all,,,banRate,0.0000,ratio,1,,rivalstracker,primary,https://rivalstracker.com/heroes/star-lord,2026-08-25T14:02:59.000Z,2026-08-25T18:57:56.232Z,Unrated,36,43,"Filters: Season 9.5, Competitive, One Above All. Percentages are displayed by RivalsTracker to two decimal places and converted to ratios without further precision. sample_matches repeats the source Matches field for each metric row. hero_rank is the displayed table order (win rate descending); tier_label is source-provided. Platform, region, and sample_players are not stated by the source and are left empty. RivalsTracker publishes 43 heroes for this filter; omitted heroes are not fabricated."
squirrel-girl-s9-5-one-above-all,squirrel-girl,Squirrel Girl,seasonalRank,9.5,competitive,one_above_all,,,winRate,0.0000,ratio,1,,rivalstracker,primary,https://rivalstracker.com/heroes/squirrel-girl,2026-08-25T14:02:59.000Z,2026-08-25T18:57:56.232Z,Unrated,37,43,"Filters: Season 9.5, Competitive, One Above All. Percentages are displayed by RivalsTracker to two decimal places and converted to ratios without further precision. sample_matches repeats the source Matches field for each metric row. hero_rank is the displayed table order (win rate descending); tier_label is source-provided. Platform, region, and sample_players are not stated by the source and are left empty. RivalsTracker publishes 43 heroes for this filter; omitted heroes are not fabricated."
squirrel-girl-s9-5-one-above-all,squirrel-girl,Squirrel Girl,seasonalRank,9.5,competitive,one_above_all,,,pickRate,0.0125,ratio,1,,rivalstracker,primary,https://rivalstracker.com/heroes/squirrel-girl,2026-08-25T14:02:59.000Z,2026-08-25T18:57:56.232Z,Unrated,37,43,"Filters: Season 9.5, Competitive, One Above All. Percentages are displayed by RivalsTracker to two decimal places and converted to ratios without further precision. sample_matches repeats the source Matches field for each metric row. hero_rank is the displayed table order (win rate descending); tier_label is source-provided. Platform, region, and sample_players are not stated by the source and are left empty. RivalsTracker publishes 43 heroes for this filter; omitted heroes are not fabricated."
squirrel-girl-s9-5-one-above-all,squirrel-girl,Squirrel Girl,seasonalRank,9.5,competitive,one_above_all,,,banRate,0.0000,ratio,1,,rivalstracker,primary,https://rivalstracker.com/heroes/squirrel-girl,2026-08-25T14:02:59.000Z,2026-08-25T18:57:56.232Z,Unrated,37,43,"Filters: Season 9.5, Competitive, One Above All. Percentages are displayed by RivalsTracker to two decimal places and converted to ratios without further precision. sample_matches repeats the source Matches field for each metric row. hero_rank is the displayed table order (win rate descending); tier_label is source-provided. Platform, region, and sample_players are not stated by the source and are left empty. RivalsTracker publishes 43 heroes for this filter; omitted heroes are not fabricated."
scarlet-witch-s9-5-one-above-all,scarlet-witch,Scarlet Witch,seasonalRank,9.5,competitive,one_above_all,,,winRate,0.0000,ratio,1,,rivalstracker,primary,https://rivalstracker.com/heroes/scarlet-witch,2026-08-25T14:02:59.000Z,2026-08-25T18:57:56.232Z,Unrated,38,43,"Filters: Season 9.5, Competitive, One Above All. Percentages are displayed by RivalsTracker to two decimal places and converted to ratios without further precision. sample_matches repeats the source Matches field for each metric row. hero_rank is the displayed table order (win rate descending); tier_label is source-provided. Platform, region, and sample_players are not stated by the source and are left empty. RivalsTracker publishes 43 heroes for this filter; omitted heroes are not fabricated."
scarlet-witch-s9-5-one-above-all,scarlet-witch,Scarlet Witch,seasonalRank,9.5,competitive,one_above_all,,,pickRate,0.0125,ratio,1,,rivalstracker,primary,https://rivalstracker.com/heroes/scarlet-witch,2026-08-25T14:02:59.000Z,2026-08-25T18:57:56.232Z,Unrated,38,43,"Filters: Season 9.5, Competitive, One Above All. Percentages are displayed by RivalsTracker to two decimal places and converted to ratios without further precision. sample_matches repeats the source Matches field for each metric row. hero_rank is the displayed table order (win rate descending); tier_label is source-provided. Platform, region, and sample_players are not stated by the source and are left empty. RivalsTracker publishes 43 heroes for this filter; omitted heroes are not fabricated."
scarlet-witch-s9-5-one-above-all,scarlet-witch,Scarlet Witch,seasonalRank,9.5,competitive,one_above_all,,,banRate,0.0000,ratio,1,,rivalstracker,primary,https://rivalstracker.com/heroes/scarlet-witch,2026-08-25T14:02:59.000Z,2026-08-25T18:57:56.232Z,Unrated,38,43,"Filters: Season 9.5, Competitive, One Above All. Percentages are displayed by RivalsTracker to two decimal places and converted to ratios without further precision. sample_matches repeats the source Matches field for each metric row. hero_rank is the displayed table order (win rate descending); tier_label is source-provided. Platform, region, and sample_players are not stated by the source and are left empty. RivalsTracker publishes 43 heroes for this filter; omitted heroes are not fabricated."
psylocke-s9-5-one-above-all,psylocke,Psylocke,seasonalRank,9.5,competitive,one_above_all,,,winRate,0.0000,ratio,1,,rivalstracker,primary,https://rivalstracker.com/heroes/psylocke,2026-08-25T14:02:59.000Z,2026-08-25T18:57:56.232Z,Unrated,39,43,"Filters: Season 9.5, Competitive, One Above All. Percentages are displayed by RivalsTracker to two decimal places and converted to ratios without further precision. sample_matches repeats the source Matches field for each metric row. hero_rank is the displayed table order (win rate descending); tier_label is source-provided. Platform, region, and sample_players are not stated by the source and are left empty. RivalsTracker publishes 43 heroes for this filter; omitted heroes are not fabricated."
psylocke-s9-5-one-above-all,psylocke,Psylocke,seasonalRank,9.5,competitive,one_above_all,,,pickRate,0.0125,ratio,1,,rivalstracker,primary,https://rivalstracker.com/heroes/psylocke,2026-08-25T14:02:59.000Z,2026-08-25T18:57:56.232Z,Unrated,39,43,"Filters: Season 9.5, Competitive, One Above All. Percentages are displayed by RivalsTracker to two decimal places and converted to ratios without further precision. sample_matches repeats the source Matches field for each metric row. hero_rank is the displayed table order (win rate descending); tier_label is source-provided. Platform, region, and sample_players are not stated by the source and are left empty. RivalsTracker publishes 43 heroes for this filter; omitted heroes are not fabricated."
psylocke-s9-5-one-above-all,psylocke,Psylocke,seasonalRank,9.5,competitive,one_above_all,,,banRate,0.0000,ratio,1,,rivalstracker,primary,https://rivalstracker.com/heroes/psylocke,2026-08-25T14:02:59.000Z,2026-08-25T18:57:56.232Z,Unrated,39,43,"Filters: Season 9.5, Competitive, One Above All. Percentages are displayed by RivalsTracker to two decimal places and converted to ratios without further precision. sample_matches repeats the source Matches field for each metric row. hero_rank is the displayed table order (win rate descending); tier_label is source-provided. Platform, region, and sample_players are not stated by the source and are left empty. RivalsTracker publishes 43 heroes for this filter; omitted heroes are not fabricated."
jubilee-s9-5-one-above-all,jubilee,Jubilee,seasonalRank,9.5,competitive,one_above_all,,,winRate,0.0000,ratio,2,,rivalstracker,primary,https://rivalstracker.com/heroes/jubilee,2026-08-25T14:02:59.000Z,2026-08-25T18:57:56.232Z,Unrated,40,43,"Filters: Season 9.5, Competitive, One Above All. Percentages are displayed by RivalsTracker to two decimal places and converted to ratios without further precision. sample_matches repeats the source Matches field for each metric row. hero_rank is the displayed table order (win rate descending); tier_label is source-provided. Platform, region, and sample_players are not stated by the source and are left empty. RivalsTracker publishes 43 heroes for this filter; omitted heroes are not fabricated."
jubilee-s9-5-one-above-all,jubilee,Jubilee,seasonalRank,9.5,competitive,one_above_all,,,pickRate,0.0250,ratio,2,,rivalstracker,primary,https://rivalstracker.com/heroes/jubilee,2026-08-25T14:02:59.000Z,2026-08-25T18:57:56.232Z,Unrated,40,43,"Filters: Season 9.5, Competitive, One Above All. Percentages are displayed by RivalsTracker to two decimal places and converted to ratios without further precision. sample_matches repeats the source Matches field for each metric row. hero_rank is the displayed table order (win rate descending); tier_label is source-provided. Platform, region, and sample_players are not stated by the source and are left empty. RivalsTracker publishes 43 heroes for this filter; omitted heroes are not fabricated."
jubilee-s9-5-one-above-all,jubilee,Jubilee,seasonalRank,9.5,competitive,one_above_all,,,banRate,0.0125,ratio,2,,rivalstracker,primary,https://rivalstracker.com/heroes/jubilee,2026-08-25T14:02:59.000Z,2026-08-25T18:57:56.232Z,Unrated,40,43,"Filters: Season 9.5, Competitive, One Above All. Percentages are displayed by RivalsTracker to two decimal places and converted to ratios without further precision. sample_matches repeats the source Matches field for each metric row. hero_rank is the displayed table order (win rate descending); tier_label is source-provided. Platform, region, and sample_players are not stated by the source and are left empty. RivalsTracker publishes 43 heroes for this filter; omitted heroes are not fabricated."
gambit-s9-5-one-above-all,gambit,Gambit,seasonalRank,9.5,competitive,one_above_all,,,winRate,0.0000,ratio,28,,rivalstracker,primary,https://rivalstracker.com/heroes/gambit,2026-08-25T14:02:59.000Z,2026-08-25T18:57:56.232Z,Unrated,41,43,"Filters: Season 9.5, Competitive, One Above All. Percentages are displayed by RivalsTracker to two decimal places and converted to ratios without further precision. sample_matches repeats the source Matches field for each metric row. hero_rank is the displayed table order (win rate descending); tier_label is source-provided. Platform, region, and sample_players are not stated by the source and are left empty. RivalsTracker publishes 43 heroes for this filter; omitted heroes are not fabricated."
gambit-s9-5-one-above-all,gambit,Gambit,seasonalRank,9.5,competitive,one_above_all,,,pickRate,0.3500,ratio,28,,rivalstracker,primary,https://rivalstracker.com/heroes/gambit,2026-08-25T14:02:59.000Z,2026-08-25T18:57:56.232Z,Unrated,41,43,"Filters: Season 9.5, Competitive, One Above All. Percentages are displayed by RivalsTracker to two decimal places and converted to ratios without further precision. sample_matches repeats the source Matches field for each metric row. hero_rank is the displayed table order (win rate descending); tier_label is source-provided. Platform, region, and sample_players are not stated by the source and are left empty. RivalsTracker publishes 43 heroes for this filter; omitted heroes are not fabricated."
gambit-s9-5-one-above-all,gambit,Gambit,seasonalRank,9.5,competitive,one_above_all,,,banRate,0.3250,ratio,28,,rivalstracker,primary,https://rivalstracker.com/heroes/gambit,2026-08-25T14:02:59.000Z,2026-08-25T18:57:56.232Z,Unrated,41,43,"Filters: Season 9.5, Competitive, One Above All. Percentages are displayed by RivalsTracker to two decimal places and converted to ratios without further precision. sample_matches repeats the source Matches field for each metric row. hero_rank is the displayed table order (win rate descending); tier_label is source-provided. Platform, region, and sample_players are not stated by the source and are left empty. RivalsTracker publishes 43 heroes for this filter; omitted heroes are not fabricated."
blade-s9-5-one-above-all,blade,Blade,seasonalRank,9.5,competitive,one_above_all,,,winRate,0.0000,ratio,2,,rivalstracker,primary,https://rivalstracker.com/heroes/blade,2026-08-25T14:02:59.000Z,2026-08-25T18:57:56.232Z,Unrated,42,43,"Filters: Season 9.5, Competitive, One Above All. Percentages are displayed by RivalsTracker to two decimal places and converted to ratios without further precision. sample_matches repeats the source Matches field for each metric row. hero_rank is the displayed table order (win rate descending); tier_label is source-provided. Platform, region, and sample_players are not stated by the source and are left empty. RivalsTracker publishes 43 heroes for this filter; omitted heroes are not fabricated."
blade-s9-5-one-above-all,blade,Blade,seasonalRank,9.5,competitive,one_above_all,,,pickRate,0.0250,ratio,2,,rivalstracker,primary,https://rivalstracker.com/heroes/blade,2026-08-25T14:02:59.000Z,2026-08-25T18:57:56.232Z,Unrated,42,43,"Filters: Season 9.5, Competitive, One Above All. Percentages are displayed by RivalsTracker to two decimal places and converted to ratios without further precision. sample_matches repeats the source Matches field for each metric row. hero_rank is the displayed table order (win rate descending); tier_label is source-provided. Platform, region, and sample_players are not stated by the source and are left empty. RivalsTracker publishes 43 heroes for this filter; omitted heroes are not fabricated."
blade-s9-5-one-above-all,blade,Blade,seasonalRank,9.5,competitive,one_above_all,,,banRate,0.0000,ratio,2,,rivalstracker,primary,https://rivalstracker.com/heroes/blade,2026-08-25T14:02:59.000Z,2026-08-25T18:57:56.232Z,Unrated,42,43,"Filters: Season 9.5, Competitive, One Above All. Percentages are displayed by RivalsTracker to two decimal places and converted to ratios without further precision. sample_matches repeats the source Matches field for each metric row. hero_rank is the displayed table order (win rate descending); tier_label is source-provided. Platform, region, and sample_players are not stated by the source and are left empty. RivalsTracker publishes 43 heroes for this filter; omitted heroes are not fabricated."
black-panther-s9-5-one-above-all,black-panther,Black Panther,seasonalRank,9.5,competitive,one_above_all,,,winRate,0.0000,ratio,3,,rivalstracker,primary,https://rivalstracker.com/heroes/black-panther,2026-08-25T14:02:59.000Z,2026-08-25T18:57:56.232Z,Unrated,43,43,"Filters: Season 9.5, Competitive, One Above All. Percentages are displayed by RivalsTracker to two decimal places and converted to ratios without further precision. sample_matches repeats the source Matches field for each metric row. hero_rank is the displayed table order (win rate descending); tier_label is source-provided. Platform, region, and sample_players are not stated by the source and are left empty. RivalsTracker publishes 43 heroes for this filter; omitted heroes are not fabricated."
black-panther-s9-5-one-above-all,black-panther,Black Panther,seasonalRank,9.5,competitive,one_above_all,,,pickRate,0.0375,ratio,3,,rivalstracker,primary,https://rivalstracker.com/heroes/black-panther,2026-08-25T14:02:59.000Z,2026-08-25T18:57:56.232Z,Unrated,43,43,"Filters: Season 9.5, Competitive, One Above All. Percentages are displayed by RivalsTracker to two decimal places and converted to ratios without further precision. sample_matches repeats the source Matches field for each metric row. hero_rank is the displayed table order (win rate descending); tier_label is source-provided. Platform, region, and sample_players are not stated by the source and are left empty. RivalsTracker publishes 43 heroes for this filter; omitted heroes are not fabricated."
black-panther-s9-5-one-above-all,black-panther,Black Panther,seasonalRank,9.5,competitive,one_above_all,,,banRate,0.0000,ratio,3,,rivalstracker,primary,https://rivalstracker.com/heroes/black-panther,2026-08-25T14:02:59.000Z,2026-08-25T18:57:56.232Z,Unrated,43,43,"Filters: Season 9.5, Competitive, One Above All. Percentages are displayed by RivalsTracker to two decimal places and converted to ratios without further precision. sample_matches repeats the source Matches field for each metric row. hero_rank is the displayed table order (win rate descending); tier_label is source-provided. Platform, region, and sample_players are not stated by the source and are left empty. RivalsTracker publishes 43 heroes for this filter; omitted heroes are not fabricated."
